<?xml version="1.0" encoding="UTF-8"?>
<project-private xmlns="http://www.netbeans.org/ns/project-private/1">
    <editor-bookmarks xmlns="http://www.netbeans.org/ns/editor-bookmarks/2" lastBookmarkId="0"/>
    <open-files xmlns="http://www.netbeans.org/ns/projectui-open-files/2">
        <group>
            <file>file:/C:/Users/Agys/Documents/NetBeansProjects/spp/src/spp/admin.java</file>
            <file>file:/C:/Users/Agys/Documents/NetBeansProjects/spp/src/spp/formLaporanTagihan.java</file>
            <file>file:/C:/Users/Agys/Documents/NetBeansProjects/spp/src/spp/formDataPetugas.java</file>
            <file>file:/C:/Users/Agys/Documents/NetBeansProjects/spp/src/spp/formDataSiswa.java</file>
            <file>file:/C:/Users/Agys/Documents/NetBeansProjects/spp/src/spp/formHistoryTransaksi.java</file>
            <file>file:/C:/Users/Agys/Documents/NetBeansProjects/spp/src/spp/formDataSpp.java</file>
            <file>file:/C:/Users/Agys/Documents/NetBeansProjects/spp/src/spp/laporan%20bayar.jrxml</file>
        </group>
    </open-files>
</project-private>
